    ds,proID,item,units,y
05-01-2022,147,coffee,KG,290
30-03-2022,59315,coffee,KG,79
14-04-2022,5577,coffee,KG,228
08-05-2022,2762,coffee,KG,291
07-07-2022,81834,coffee,KG,357
17-07-2022,98809,coffee,KG,69
21-07-2022,110,coffee,KG,386
21-07-2022,58559,coffee,KG,247
03-08-2022,73017,coffee,KG,142
02-09-2022,69844,coffee,KG,257
08-09-2022,91500,coffee,KG,355
18-09-2022,92439,coffee,KG,243
12-11-2022,91542,coffee,KG,195
12-12-2022,1221,coffee,KG,92
23-12-2022,2918,coffee,KG,368
14-01-2022,5,coffee,KG,56
21-02-2022,339,coffee,KG,173
08-03-2022,25,coffee,KG,276
03-04-2022,628,coffee,KG,192
20-04-2022,648,coffee,KG,89
19-07-2022,780,coffee,KG,169
04-08-2022,762,coffee,KG,65
25-08-2022,1552,coffee,KG,256
26-09-2022,1233,coffee,KG,47
29-09-2022,377,coffee,KG,311
06-10-2022,786,coffee,KG,151
08-10-2022,79,coffee,KG,129
16-10-2022,788,coffee,KG,299
11-03-2022,480,coffee,KG,323
28-07-2022,1968,coffee,KG,169
05-09-2022,1092,coffee,KG,146
11-10-2022,3101,coffee,KG,258
20-01-2022,223,coffee,KG,297
26-01-2022,2805,coffee,KG,131
07-02-2022,1197,coffee,KG,288
15-02-2022,648,coffee,KG,205
18-02-2022,2712,coffee,KG,104
02-03-2022,1210,coffee,KG,101
04-03-2022,2683,coffee,KG,389
20-03-2022,415,coffee,KG,340
26-03-2022,4226,coffee,KG,118
03-04-2022,3752,coffee,KG,82
13-04-2022,1097,coffee,KG,40
14-04-2022,1617,coffee,KG,172
15-04-2022,2763,coffee,KG,84
25-04-2022,3409,coffee,KG,104
04-05-2022,3623,coffee,KG,141
14-05-2022,3578,coffee,KG,393
17-05-2022,3004,coffee,KG,262
23-05-2022,3908,coffee,KG,184
01-06-2022,5679,coffee,KG,200
05-06-2022,3909,coffee,KG,329
18-06-2022,3298,coffee,KG,175
01-07-2022,1911,coffee,KG,48
08-07-2022,3476,coffee,KG,144
23-07-2022,4896,coffee,KG,61
04-08-2022,2706,coffee,KG,82
11-09-2022,3203,coffee,KG,55
18-09-2022,2581,coffee,KG,145
29-09-2022,1644,coffee,KG,223
30-09-2022,2396,coffee,KG,47
30-11-2022,2692,coffee,KG,262
08-12-2022,3408,coffee,KG,102
10-12-2022,2355,coffee,KG,221
12-12-2022,3160,coffee,KG,347
13-12-2022,2541,coffee,KG,390
20-12-2022,2694,coffee,KG,397
22-12-2022,1422,coffee,KG,293
13-01-2022,1230,coffee,KG,158
14-01-2022,541,coffee,KG,383
21-01-2022,3198,coffee,KG,119
22-02-2022,1302,coffee,KG,295
10-03-2022,3156,coffee,KG,65
21-05-2022,296,coffee,KG,206
10-06-2022,858,coffee,KG,240
14-06-2022,157,coffee,KG,138
18-07-2022,3255,coffee,KG,199
08-08-2022,750,coffee,KG,273
19-08-2022,2707,coffee,KG,54
25-08-2022,2877,coffee,KG,192
15-09-2022,1198,coffee,KG,161
18-09-2022,908,coffee,KG,126
30-09-2022,1225,coffee,KG,202
06-11-2022,3114,coffee,KG,309
08-02-2022,1198,coffee,KG,232
09-06-2022,2628,coffee,KG,341
30-09-2022,11,coffee,KG,114
17-01-2022,89745,coffee,KG,45
05-02-2022,58559,coffee,KG,109
14-02-2022,5816,coffee,KG,391
19-02-2022,6377,coffee,KG,308
20-02-2022,88125,coffee,KG,227
05-03-2022,39183,coffee,KG,357
07-03-2022,2571,coffee,KG,318
09-03-2022,30793,coffee,KG,260
16-03-2022,40815,coffee,KG,259
12-04-2022,69844,coffee,KG,230
17-04-2022,4022,coffee,KG,191
20-04-2022,80463,coffee,KG,371
07-05-2022,5618,coffee,KG,299
09-05-2022,79132,coffee,KG,235
31-05-2022,2858,coffee,KG,354
06-06-2022,106920,coffee,KG,333
22-06-2022,7153,coffee,KG,235
08-07-2022,68954,coffee,KG,236
18-07-2022,8533,coffee,KG,109
24-07-2022,72378,coffee,KG,106
17-08-2022,55247,coffee,KG,176
21-08-2022,63082,coffee,KG,332
24-08-2022,6934,coffee,KG,319
04-10-2022,4993,coffee,KG,167
07-10-2022,134853,coffee,KG,380
10-10-2022,91529,coffee,KG,377
17-10-2022,54001,coffee,KG,56
25-12-2022,8368,coffee,KG,182
06-01-2022,1287,coffee,KG,238
07-01-2022,1792,coffee,KG,243
13-01-2022,4466,coffee,KG,367
21-01-2022,3660,coffee,KG,184
21-01-2022,1,coffee,KG,244
23-01-2022,4681,coffee,KG,172
25-01-2022,4638,coffee,KG,226
27-01-2022,4979,coffee,KG,243
28-01-2022,2469,coffee,KG,273
06-03-2022,4563,coffee,KG,296
07-03-2022,2022,coffee,KG,324
12-03-2022,5008,coffee,KG,43
27-03-2022,2300,coffee,KG,81
03-04-2022,5054,coffee,KG,182
18-04-2022,3036,coffee,KG,158
18-04-2022,5002,coffee,KG,160
22-04-2022,3203,coffee,KG,254
01-05-2022,4085,coffee,KG,336
08-05-2022,2240,coffee,KG,87
08-05-2022,3146,coffee,KG,194
11-05-2022,2334,coffee,KG,53
17-05-2022,5033,coffee,KG,127
17-05-2022,2762,coffee,KG,285
24-05-2022,5036,coffee,KG,251
27-05-2022,3354,coffee,KG,184
07-06-2022,2110,coffee,KG,59
14-06-2022,170,coffee,KG,308
20-06-2022,420,coffee,KG,238
21-06-2022,5125,coffee,KG,113
25-06-2022,5120,coffee,KG,192
27-06-2022,4366,coffee,KG,180
01-07-2022,3175,coffee,KG,320
03-07-2022,1339,coffee,KG,107
12-07-2022,208,coffee,KG,350
21-07-2022,585,coffee,KG,72
22-07-2022,4954,coffee,KG,248
02-08-2022,4571,coffee,KG,125
18-08-2022,1653,coffee,KG,258
27-08-2022,3527,coffee,KG,76
30-08-2022,3841,coffee,KG,342
04-09-2022,784,coffee,KG,80
05-09-2022,1343,coffee,KG,356
16-09-2022,2416,coffee,KG,250
20-09-2022,1404,coffee,KG,76
21-09-2022,3359,coffee,KG,46
23-09-2022,4541,coffee,KG,114
24-09-2022,318,coffee,KG,168
26-09-2022,4901,coffee,KG,391
28-09-2022,1292,coffee,KG,256
01-10-2022,44,coffee,KG,44
04-10-2022,832,coffee,KG,305
04-10-2022,4367,coffee,KG,130
16-10-2022,1265,coffee,KG,177
25-10-2022,2571,coffee,KG,318
04-11-2022,47,coffee,KG,79
07-11-2022,3107,coffee,KG,320
10-11-2022,2670,coffee,KG,149
15-11-2022,1037,coffee,KG,374
15-11-2022,5064,coffee,KG,81
16-11-2022,2313,coffee,KG,48
29-11-2022,1304,coffee,KG,87
30-11-2022,1499,coffee,KG,224
04-12-2022,1228,coffee,KG,361
14-12-2022,1965,coffee,KG,188
29-12-2022,4643,coffee,KG,146
30-12-2022,3197,coffee,KG,134
30-12-2022,3785,coffee,KG,235
04-01-2022,1653,coffee,KG,248
05-01-2022,3535,coffee,KG,370
20-01-2022,4246,coffee,KG,394
21-01-2022,2355,coffee,KG,178
29-01-2022,4881,coffee,KG,78
04-02-2022,1676,coffee,KG,269
10-02-2022,2395,coffee,KG,269
11-02-2022,3967,coffee,KG,117
01-03-2022,4993,coffee,KG,230
09-03-2022,1183,coffee,KG,288
20-03-2022,6333,coffee,KG,359
30-03-2022,1246,coffee,KG,186
03-04-2022,4370,coffee,KG,314
06-04-2022,1527,coffee,KG,287
08-04-2022,4226,coffee,KG,47
18-04-2022,5989,coffee,KG,379
19-04-2022,4886,coffee,KG,94
24-04-2022,5816,coffee,KG,330
26-04-2022,594,coffee,KG,267
28-04-2022,3717,coffee,KG,75
28-04-2022,6157,coffee,KG,78
01-05-2022,7153,coffee,KG,157
03-05-2022,1391,coffee,KG,115
19-05-2022,3408,coffee,KG,98
30-05-2022,2245,coffee,KG,70
19-06-2022,3969,coffee,KG,227
21-06-2022,6568,coffee,KG,240
04-07-2022,6365,coffee,KG,121
06-07-2022,4963,coffee,KG,46
08-07-2022,5952,coffee,KG,275
21-07-2022,150,coffee,KG,291
18-08-2022,3793,coffee,KG,196
02-09-2022,1207,coffee,KG,391
03-09-2022,4979,coffee,KG,186
08-09-2022,1304,coffee,KG,323
03-10-2022,5299,coffee,KG,393
07-10-2022,1291,coffee,KG,235
13-10-2022,5380,coffee,KG,213
15-10-2022,5445,coffee,KG,219
06-11-2022,6539,coffee,KG,108
06-11-2022,5016,coffee,KG,129
22-11-2022,3751,coffee,KG,331
23-11-2022,4973,coffee,KG,382
18-12-2022,3948,coffee,KG,144
25-12-2022,5013,coffee,KG,133
27-12-2022,750,coffee,KG,55
28-12-2022,4014,coffee,KG,285
28-12-2022,2762,coffee,KG,354
11-06-2022,595,coffee,KG,165
06-07-2022,349,coffee,KG,174
12-08-2022,590,coffee,KG,68
01-10-2022,153,coffee,KG,94
12-10-2022,344,coffee,KG,325
04-01-2022,58025,coffee,KG,52
04-01-2022,55116,coffee,KG,377
04-01-2022,1370,coffee,KG,248
10-01-2022,47,coffee,KG,329
15-01-2022,54997,coffee,KG,104
24-01-2022,5064,coffee,KG,365
25-01-2022,55286,coffee,KG,267
25-01-2022,32,coffee,KG,244
27-01-2022,52458,coffee,KG,308
27-01-2022,53207,coffee,KG,157
01-02-2022,54736,coffee,KG,285
11-02-2022,1270,coffee,KG,200
12-02-2022,4226,coffee,KG,164
18-02-2022,55729,coffee,KG,251
22-02-2022,59256,coffee,KG,182
23-02-2022,4878,coffee,KG,158
27-02-2022,60072,coffee,KG,314
02-03-2022,49910,coffee,KG,360
09-03-2022,56607,coffee,KG,115
10-03-2022,45672,coffee,KG,134
11-03-2022,46723,coffee,KG,202
11-03-2022,593,coffee,KG,96
11-03-2022,480,coffee,KG,280
13-03-2022,62081,coffee,KG,136
15-03-2022,296,coffee,KG,367
15-03-2022,55118,coffee,KG,118
15-03-2022,49272,coffee,KG,223
17-03-2022,165,coffee,KG,193
18-03-2022,7439,coffee,KG,357
18-03-2022,7361,coffee,KG,361
18-03-2022,60126,coffee,KG,48
19-03-2022,55820,coffee,KG,329
26-03-2022,59900,coffee,KG,202
30-03-2022,33437,coffee,KG,156
30-03-2022,4238,coffee,KG,188
01-04-2022,48043,coffee,KG,398
01-04-2022,53996,coffee,KG,314
07-04-2022,55830,coffee,KG,59
08-04-2022,47610,coffee,KG,86
19-04-2022,2571,coffee,KG,295
26-04-2022,6942,coffee,KG,111
27-04-2022,344,coffee,KG,145
30-04-2022,54780,coffee,KG,54
30-04-2022,260,coffee,KG,101
12-05-2022,37727,coffee,KG,62
16-05-2022,1721,coffee,KG,296
18-05-2022,55052,coffee,KG,280
21-05-2022,54787,coffee,KG,306
22-05-2022,47518,coffee,KG,58
25-05-2022,48780,coffee,KG,350
26-05-2022,45442,coffee,KG,375
27-05-2022,55946,coffee,KG,99
28-05-2022,59369,coffee,KG,171
29-05-2022,52328,coffee,KG,166
05-06-2022,37741,coffee,KG,336
06-06-2022,43679,coffee,KG,331
07-06-2022,6377,coffee,KG,41
08-06-2022,58103,coffee,KG,392
08-06-2022,51935,coffee,KG,392
09-06-2022,4027,coffee,KG,324
15-06-2022,3578,coffee,KG,163
21-06-2022,110,coffee,KG,155
21-06-2022,56782,coffee,KG,238
24-06-2022,4036,coffee,KG,221
24-06-2022,61697,coffee,KG,135
24-06-2022,52952,coffee,KG,104
28-06-2022,52712,coffee,KG,394
29-06-2022,55995,coffee,KG,341
02-07-2022,457,coffee,KG,126
02-07-2022,56156,coffee,KG,169
13-07-2022,59016,coffee,KG,151
17-07-2022,1127,coffee,KG,281
20-07-2022,60069,coffee,KG,386
21-07-2022,49280,coffee,KG,98
23-07-2022,52644,coffee,KG,237
26-07-2022,1527,coffee,KG,181
01-08-2022,8665,coffee,KG,240
04-08-2022,54503,coffee,KG,194
07-08-2022,1073,coffee,KG,92
08-08-2022,50794,coffee,KG,64
10-08-2022,50872,coffee,KG,162
13-08-2022,55765,coffee,KG,53
14-08-2022,61248,coffee,KG,157
21-08-2022,1265,coffee,KG,343
25-08-2022,60753,coffee,KG,319
26-08-2022,52975,coffee,KG,62
26-08-2022,52604,coffee,KG,182
27-08-2022,57528,coffee,KG,198
28-08-2022,51418,coffee,KG,130
29-08-2022,51086,coffee,KG,336
30-08-2022,58559,coffee,KG,303
02-09-2022,47394,coffee,KG,181
04-09-2022,60397,coffee,KG,141
05-09-2022,50068,coffee,KG,308
06-09-2022,50601,coffee,KG,327
16-09-2022,231,coffee,KG,259
16-09-2022,56587,coffee,KG,292
17-09-2022,51412,coffee,KG,173
19-09-2022,3440,coffee,KG,221
22-09-2022,50442,coffee,KG,40
22-09-2022,52694,coffee,KG,104
22-09-2022,54259,coffee,KG,48
23-09-2022,52321,coffee,KG,205
27-09-2022,6870,coffee,KG,129
29-09-2022,54775,coffee,KG,236
12-10-2022,58162,coffee,KG,255
14-10-2022,27700,coffee,KG,249
18-10-2022,48516,coffee,KG,44
23-10-2022,56145,coffee,KG,336
24-10-2022,33794,coffee,KG,127
30-10-2022,2054,coffee,KG,165
01-11-2022,5418,coffee,KG,349
03-11-2022,57368,coffee,KG,135
04-11-2022,58975,coffee,KG,148
05-11-2022,7347,coffee,KG,394
13-11-2022,58078,coffee,KG,134
16-11-2022,46948,coffee,KG,280
19-11-2022,59387,coffee,KG,269
21-11-2022,48394,coffee,KG,247
26-11-2022,4052,coffee,KG,236
27-11-2022,53318,coffee,KG,199
28-11-2022,58295,coffee,KG,205
28-11-2022,784,coffee,KG,219
05-12-2022,4973,coffee,KG,303
15-12-2022,47629,coffee,KG,153
20-12-2022,58303,coffee,KG,160
21-12-2022,3977,coffee,KG,65
23-12-2022,56174,coffee,KG,187
28-12-2022,1276,coffee,KG,172
30-12-2022,53921,coffee,KG,165
01-01-2022,2355,coffee,KG,60
08-01-2022,1883,coffee,KG,112
09-01-2022,1280,coffee,KG,330
09-01-2022,866,coffee,KG,369
11-01-2022,1285,coffee,KG,119
11-01-2022,903,coffee,KG,380
12-01-2022,2248,coffee,KG,86
15-01-2022,1089,coffee,KG,123
25-01-2022,125,coffee,KG,383
25-01-2022,296,coffee,KG,203
30-01-2022,273,coffee,KG,197
08-02-2022,50,coffee,KG,243
08-02-2022,1219,coffee,KG,129
17-02-2022,1086,coffee,KG,316
23-02-2022,1036,coffee,KG,154
23-02-2022,527,coffee,KG,227
24-02-2022,529,coffee,KG,91
28-02-2022,595,coffee,KG,395
28-02-2022,1587,coffee,KG,163
04-03-2022,2028,coffee,KG,266
06-03-2022,1617,coffee,KG,363
09-03-2022,2840,coffee,KG,281
10-03-2022,1206,coffee,KG,126
17-03-2022,568,coffee,KG,53
19-03-2022,2348,coffee,KG,86
27-03-2022,2419,coffee,KG,66
28-03-2022,4424,coffee,KG,313
31-03-2022,1079,coffee,KG,237
04-04-2022,1358,coffee,KG,293
07-04-2022,2394,coffee,KG,309
07-04-2022,1233,coffee,KG,98
08-04-2022,1658,coffee,KG,243
08-04-2022,1643,coffee,KG,306
08-04-2022,899,coffee,KG,338
12-04-2022,82,coffee,KG,150
19-04-2022,334,coffee,KG,155
22-04-2022,1289,coffee,KG,135
25-04-2022,1216,coffee,KG,58
30-04-2022,1701,coffee,KG,103
03-05-2022,2194,coffee,KG,150
04-05-2022,160,coffee,KG,173
08-05-2022,1279,coffee,KG,298
11-05-2022,541,coffee,KG,178
14-05-2022,157,coffee,KG,219
15-05-2022,2312,coffee,KG,165
15-05-2022,32,coffee,KG,238
19-05-2022,2797,coffee,KG,291
25-05-2022,1639,coffee,KG,195
29-05-2022,457,coffee,KG,367
31-05-2022,2266,coffee,KG,258
02-06-2022,1213,coffee,KG,164
07-06-2022,1224,coffee,KG,269
08-06-2022,1960,coffee,KG,112
11-06-2022,1207,coffee,KG,258
12-06-2022,2160,coffee,KG,71
12-06-2022,1246,coffee,KG,139
14-06-2022,1394,coffee,KG,107
15-06-2022,1234,coffee,KG,268
17-06-2022,293,coffee,KG,245
23-06-2022,2431,coffee,KG,198
25-06-2022,1836,coffee,KG,117
25-06-2022,2174,coffee,KG,211
27-06-2022,232,coffee,KG,99
28-06-2022,47,coffee,KG,280
01-07-2022,1185,coffee,KG,281
13-07-2022,492,coffee,KG,380
14-07-2022,1674,coffee,KG,131
20-07-2022,307,coffee,KG,378
22-07-2022,2144,coffee,KG,318
22-07-2022,1721,coffee,KG,334
27-07-2022,2916,coffee,KG,151
28-07-2022,2985,coffee,KG,301
29-07-2022,1625,coffee,KG,364
02-08-2022,953,coffee,KG,70
03-08-2022,29,coffee,KG,255
04-08-2022,2193,coffee,KG,208
10-08-2022,1211,coffee,KG,398
11-08-2022,2858,coffee,KG,340
17-08-2022,3077,coffee,KG,375
18-08-2022,194,coffee,KG,126
21-08-2022,1834,coffee,KG,258
21-08-2022,1794,coffee,KG,237
23-08-2022,1799,coffee,KG,66
25-08-2022,2997,coffee,KG,278
30-08-2022,778,coffee,KG,214
04-09-2022,1197,coffee,KG,264
09-09-2022,940,coffee,KG,342
10-09-2022,1184,coffee,KG,45
13-09-2022,523,coffee,KG,271
16-09-2022,73,coffee,KG,205
22-09-2022,1148,coffee,KG,284
22-09-2022,1641,coffee,KG,351
24-09-2022,735,coffee,KG,243
25-09-2022,1635,coffee,KG,132
27-09-2022,858,coffee,KG,188
28-09-2022,247,coffee,KG,112
28-09-2022,235,coffee,KG,209
02-10-2022,581,coffee,KG,217
03-10-2022,1,coffee,KG,161
07-10-2022,912,coffee,KG,272
07-10-2022,2628,coffee,KG,156
09-10-2022,1923,coffee,KG,110
09-10-2022,1120,coffee,KG,134
09-10-2022,322,coffee,KG,181
11-10-2022,1957,coffee,KG,393
11-10-2022,750,coffee,KG,287
12-10-2022,2987,coffee,KG,285
13-10-2022,1060,coffee,KG,378
15-10-2022,2095,coffee,KG,272
17-10-2022,290,coffee,KG,179
18-10-2022,1678,coffee,KG,63
19-10-2022,2391,coffee,KG,335
19-10-2022,497,coffee,KG,104
21-10-2022,1270,coffee,KG,163
25-10-2022,2739,coffee,KG,182
26-10-2022,1730,coffee,KG,99
27-10-2022,501,coffee,KG,169
29-10-2022,2268,coffee,KG,316
30-10-2022,446,coffee,KG,380
01-11-2022,2571,coffee,KG,56
03-11-2022,97,coffee,KG,264
06-11-2022,1111,coffee,KG,326
07-11-2022,1214,coffee,KG,332
09-11-2022,363,coffee,KG,145
10-11-2022,1892,coffee,KG,362
10-11-2022,1273,coffee,KG,391
13-11-2022,36,coffee,KG,166
14-11-2022,800,coffee,KG,77
23-11-2022,2520,coffee,KG,290
26-11-2022,2108,coffee,KG,120
27-11-2022,2871,coffee,KG,55
29-11-2022,260,coffee,KG,66
30-11-2022,1217,coffee,KG,102
01-12-2022,2416,coffee,KG,140
01-12-2022,2657,coffee,KG,166
07-12-2022,1584,coffee,KG,399
08-12-2022,1136,coffee,KG,70
18-12-2022,1537,coffee,KG,301
18-12-2022,1132,coffee,KG,270
25-12-2022,1291,coffee,KG,117
26-12-2022,2150,coffee,KG,95
28-12-2022,1354,coffee,KG,308
29-12-2022,1293,coffee,KG,395
26-01-2022,43560,coffee,KG,125
21-03-2022,33004,coffee,KG,175
26-04-2022,1911,coffee,KG,387
20-05-2022,3258,coffee,KG,115
08-12-2022,58047,coffee,KG,133
17-05-2022,293,coffee,KG,187
21-05-2022,2959,coffee,KG,304
30-05-2022,318,coffee,KG,51
29-07-2022,2571,coffee,KG,206
28-09-2022,168252,coffee,KG,398
06-01-2022,81834,coffee,KG,129
11-01-2022,441,coffee,KG,255
11-01-2022,69757,coffee,KG,46
13-01-2022,4855,coffee,KG,215
17-01-2022,79132,coffee,KG,200
21-01-2022,4027,coffee,KG,230
22-01-2022,296,coffee,KG,60
25-01-2022,1321,coffee,KG,377
31-01-2022,2944,coffee,KG,363
01-02-2022,1278,coffee,KG,96
02-02-2022,76251,coffee,KG,346
05-02-2022,4979,coffee,KG,120
06-02-2022,1287,coffee,KG,146
07-02-2022,1220,coffee,KG,330
08-02-2022,38061,coffee,KG,78
11-02-2022,6808,coffee,KG,287
13-02-2022,3836,coffee,KG,259
17-02-2022,3555,coffee,KG,66
19-02-2022,608,coffee,KG,399
19-02-2022,36529,coffee,KG,158
20-02-2022,1396,coffee,KG,87
25-02-2022,1580,coffee,KG,332
26-02-2022,95167,coffee,KG,388
26-02-2022,589,coffee,KG,296
01-03-2022,34405,coffee,KG,304
01-03-2022,3527,coffee,KG,215
14-03-2022,55247,coffee,KG,237
16-03-2022,81229,coffee,KG,323
17-03-2022,838,coffee,KG,272
18-03-2022,1240,coffee,KG,355
24-03-2022,73017,coffee,KG,326
24-03-2022,1732,coffee,KG,301
30-03-2022,555,coffee,KG,207
02-04-2022,2716,coffee,KG,143
04-04-2022,31878,coffee,KG,88
08-04-2022,1394,coffee,KG,205
14-04-2022,37731,coffee,KG,264
18-04-2022,2951,coffee,KG,51
19-04-2022,60684,coffee,KG,215
25-04-2022,6377,coffee,KG,142
27-04-2022,88125,coffee,KG,324
30-04-2022,93510,coffee,KG,397
02-05-2022,5010,coffee,KG,162
02-05-2022,2918,coffee,KG,364
03-05-2022,3265,coffee,KG,117
04-05-2022,79702,coffee,KG,146
04-05-2022,2542,coffee,KG,160
05-05-2022,7445,coffee,KG,362
05-05-2022,6448,coffee,KG,233
06-05-2022,49530,coffee,KG,130
10-05-2022,750,coffee,KG,389
18-05-2022,2401,coffee,KG,389
18-05-2022,3508,coffee,KG,141
20-05-2022,1223,coffee,KG,83
23-05-2022,3703,coffee,KG,80
27-05-2022,8874,coffee,KG,130
29-05-2022,1093,coffee,KG,83
30-05-2022,72998,coffee,KG,177
02-06-2022,1198,coffee,KG,272
09-06-2022,3654,coffee,KG,170
14-06-2022,51662,coffee,KG,195
16-06-2022,4973,coffee,KG,149
17-06-2022,2871,coffee,KG,329
20-06-2022,3362,coffee,KG,172
22-06-2022,107,coffee,KG,238
28-06-2022,3361,coffee,KG,150
01-07-2022,7802,coffee,KG,136
03-07-2022,68358,coffee,KG,229
05-07-2022,7090,coffee,KG,341
05-07-2022,4881,coffee,KG,122
07-07-2022,3507,coffee,KG,132
15-07-2022,1233,coffee,KG,397
18-07-2022,1953,coffee,KG,72
18-07-2022,58295,coffee,KG,368
19-07-2022,3030,coffee,KG,175
20-07-2022,6947,coffee,KG,215
22-07-2022,1527,coffee,KG,317
23-07-2022,1209,coffee,KG,72
26-07-2022,8169,coffee,KG,253
29-07-2022,3504,coffee,KG,60
30-07-2022,45517,coffee,KG,68
01-08-2022,37733,coffee,KG,62
01-08-2022,2072,coffee,KG,117
02-08-2022,1234,coffee,KG,52
04-08-2022,5899,coffee,KG,110
05-08-2022,293,coffee,KG,225
07-08-2022,2797,coffee,KG,116
12-08-2022,1148,coffee,KG,191
20-08-2022,2728,coffee,KG,169
31-08-2022,745,coffee,KG,267
07-09-2022,55118,coffee,KG,82
12-09-2022,59315,coffee,KG,338
13-09-2022,54997,coffee,KG,332
19-09-2022,3481,coffee,KG,103
19-09-2022,7022,coffee,KG,359
20-09-2022,1262,coffee,KG,281
21-09-2022,38038,coffee,KG,85
22-09-2022,2028,coffee,KG,134
23-09-2022,7143,coffee,KG,176
23-09-2022,3037,coffee,KG,337
28-09-2022,1249,coffee,KG,228
29-09-2022,5060,coffee,KG,323
01-10-2022,46578,coffee,KG,92
07-10-2022,53972,coffee,KG,345
11-10-2022,1610,coffee,KG,274
13-10-2022,41997,coffee,KG,69
18-10-2022,91542,coffee,KG,399
20-10-2022,7438,coffee,KG,127
04-11-2022,778,coffee,KG,123
16-11-2022,27728,coffee,KG,262
17-11-2022,87232,coffee,KG,79
19-11-2022,69524,coffee,KG,185
20-11-2022,54995,coffee,KG,400
21-11-2022,8949,coffee,KG,302
22-11-2022,90600,coffee,KG,43
22-11-2022,1784,coffee,KG,173
23-11-2022,5445,coffee,KG,82
24-11-2022,5418,coffee,KG,396
24-11-2022,55765,coffee,KG,394
27-11-2022,7980,coffee,KG,313
27-11-2022,32587,coffee,KG,340
29-11-2022,733,coffee,KG,81
01-12-2022,1208,coffee,KG,377
02-12-2022,62849,coffee,KG,307
18-12-2022,1036,coffee,KG,350
25-12-2022,1831,coffee,KG,301
27-12-2022,2571,coffee,KG,85
01-01-2022,1206,coffee,KG,175
06-01-2022,5445,coffee,KG,254
11-01-2022,1196,coffee,KG,292
11-01-2022,68358,coffee,KG,51
12-01-2022,260,coffee,KG,180
21-01-2022,1210,coffee,KG,237
21-01-2022,7202,coffee,KG,292
23-01-2022,71135,coffee,KG,318
31-01-2022,84954,coffee,KG,187
05-02-2022,3868,coffee,KG,276
06-02-2022,2791,coffee,KG,72
07-02-2022,87232,coffee,KG,261
09-02-2022,8985,coffee,KG,58
10-02-2022,93563,coffee,KG,188
11-02-2022,1676,coffee,KG,274
12-02-2022,72129,coffee,KG,44
14-02-2022,541,coffee,KG,209
23-02-2022,8861,coffee,KG,143
24-02-2022,94864,coffee,KG,334
01-03-2022,1291,coffee,KG,376
03-03-2022,27846,coffee,KG,40
06-03-2022,1682,coffee,KG,317
10-03-2022,5903,coffee,KG,62
20-03-2022,1198,coffee,KG,304
29-03-2022,78499,coffee,KG,100
07-04-2022,111759,coffee,KG,307
09-04-2022,111,coffee,KG,394
11-04-2022,68791,coffee,KG,221
13-04-2022,37386,coffee,KG,137
17-04-2022,480,coffee,KG,204
18-04-2022,3704,coffee,KG,65
21-04-2022,50,coffee,KG,333
24-04-2022,2329,coffee,KG,396
02-05-2022,122904,coffee,KG,382
04-05-2022,114180,coffee,KG,272
04-05-2022,134130,coffee,KG,53
06-05-2022,119145,coffee,KG,292
09-05-2022,101864,coffee,KG,121
01-06-2022,98122,coffee,KG,43
06-06-2022,5254,coffee,KG,220
06-06-2022,3275,coffee,KG,262
07-06-2022,31658,coffee,KG,318
11-06-2022,54286,coffee,KG,385
12-06-2022,3698,coffee,KG,389
14-06-2022,968,coffee,KG,357
16-06-2022,112623,coffee,KG,237
17-06-2022,1220,coffee,KG,304
18-06-2022,90345,coffee,KG,74
19-06-2022,1255,coffee,KG,187
24-06-2022,110102,coffee,KG,164
24-06-2022,2959,coffee,KG,276
27-06-2022,1884,coffee,KG,244
01-07-2022,89745,coffee,KG,214
02-07-2022,88744,coffee,KG,206
13-07-2022,5669,coffee,KG,328
21-07-2022,4975,coffee,KG,349
22-07-2022,1241,coffee,KG,187
31-07-2022,48394,coffee,KG,387
01-08-2022,7153,coffee,KG,119
01-08-2022,1089,coffee,KG,319
04-08-2022,80463,coffee,KG,264
14-08-2022,75985,coffee,KG,128
15-08-2022,3147,coffee,KG,326
16-08-2022,1982,coffee,KG,381
16-08-2022,2985,coffee,KG,371
17-08-2022,2174,coffee,KG,168
17-08-2022,59315,coffee,KG,213
21-08-2022,112552,coffee,KG,52
24-08-2022,62733,coffee,KG,190
27-08-2022,108945,coffee,KG,165
30-08-2022,65982,coffee,KG,326
08-09-2022,112852,coffee,KG,234
08-09-2022,84772,coffee,KG,294
14-09-2022,3018,coffee,KG,312
14-09-2022,103249,coffee,KG,321
15-09-2022,1208,coffee,KG,314
25-09-2022,54881,coffee,KG,107
29-09-2022,1527,coffee,KG,286
30-09-2022,1200,coffee,KG,386
30-09-2022,34405,coffee,KG,309
02-10-2022,68237,coffee,KG,53
02-10-2022,8501,coffee,KG,110
05-10-2022,1580,coffee,KG,165
07-10-2022,6502,coffee,KG,374
08-10-2022,42738,coffee,KG,240
09-10-2022,5853,coffee,KG,155
14-10-2022,34292,coffee,KG,126
14-10-2022,2455,coffee,KG,173
14-10-2022,1129,coffee,KG,74
01-11-2022,1732,coffee,KG,126
03-11-2022,1690,coffee,KG,138
12-11-2022,5989,coffee,KG,114
16-11-2022,68954,coffee,KG,295
18-11-2022,316,coffee,KG,92
18-11-2022,3156,coffee,KG,148
21-11-2022,3033,coffee,KG,154
22-11-2022,4878,coffee,KG,180
25-11-2022,89470,coffee,KG,324
05-12-2022,111362,coffee,KG,172
16-12-2022,4239,coffee,KG,168
17-12-2022,32,coffee,KG,163
30-12-2022,3300,coffee,KG,343
30-12-2022,198,coffee,KG,337
30-12-2022,70286,coffee,KG,199
18-02-2022,4310,coffee,KG,386
01-04-2022,4023,coffee,KG,297
18-04-2022,4239,coffee,KG,203
06-05-2022,3987,coffee,KG,165
18-05-2022,4143,coffee,KG,304
03-07-2022,1089,coffee,KG,94
19-07-2022,356,coffee,KG,47
27-07-2022,4159,coffee,KG,332
26-08-2022,4020,coffee,KG,106
07-09-2022,4149,coffee,KG,195
16-09-2022,1753,coffee,KG,277
08-12-2022,4228,coffee,KG,297
22-12-2022,3210,coffee,KG,283
05-02-2022,1295,coffee,KG,216
21-03-2022,3005,coffee,KG,266
06-07-2022,81,coffee,KG,334
24-08-2022,912,coffee,KG,259
11-12-2022,1270,coffee,KG,251
09-02-2022,880,coffee,KG,87
08-03-2022,1411,coffee,KG,354
13-03-2022,2378,coffee,KG,121
02-04-2022,327,coffee,KG,370
26-04-2022,1175,coffee,KG,307
23-10-2022,2108,coffee,KG,171
29-10-2022,481,coffee,KG,75
03-01-2022,8622,coffee,KG,328
04-01-2022,27800,coffee,KG,337
05-01-2022,33615,coffee,KG,231
08-01-2022,1136,coffee,KG,384
10-01-2022,1,coffee,KG,176
16-01-2022,3034,coffee,KG,168
18-01-2022,5989,coffee,KG,270
19-01-2022,5459,coffee,KG,320
22-01-2022,69604,coffee,KG,239
22-01-2022,7034,coffee,KG,390
24-01-2022,367,coffee,KG,246
25-01-2022,89804,coffee,KG,117
25-01-2022,72011,coffee,KG,276
27-01-2022,64620,coffee,KG,279
27-01-2022,111587,coffee,KG,171
27-01-2022,139861,coffee,KG,293
28-01-2022,912,coffee,KG,281
28-01-2022,136020,coffee,KG,255
29-01-2022,68954,coffee,KG,120
03-02-2022,81847,coffee,KG,64
04-02-2022,129779,coffee,KG,351
07-02-2022,1573,coffee,KG,77
09-02-2022,6377,coffee,KG,276
14-02-2022,3000,coffee,KG,256
15-02-2022,2657,coffee,KG,77
17-02-2022,1566,coffee,KG,386
18-02-2022,118696,coffee,KG,294
23-02-2022,2294,coffee,KG,220
23-02-2022,70286,coffee,KG,117
24-02-2022,79702,coffee,KG,391
27-02-2022,60950,coffee,KG,66
28-02-2022,134853,coffee,KG,107
02-03-2022,3408,coffee,KG,311
03-03-2022,2325,coffee,KG,386
06-03-2022,7373,coffee,KG,341
07-03-2022,3176,coffee,KG,108
14-03-2022,1422,coffee,KG,320
14-03-2022,908,coffee,KG,83
15-03-2022,89745,coffee,KG,214
20-03-2022,8360,coffee,KG,372
24-03-2022,915,coffee,KG,259
26-03-2022,96588,coffee,KG,82
26-03-2022,946,coffee,KG,219
26-03-2022,1148,coffee,KG,289
29-03-2022,152081,coffee,KG,271
01-04-2022,72998,coffee,KG,148
01-04-2022,79132,coffee,KG,168
07-04-2022,67997,coffee,KG,161
11-04-2022,2141,coffee,KG,203
15-04-2022,104283,coffee,KG,215
16-04-2022,899,coffee,KG,151
18-04-2022,2087,coffee,KG,383
22-04-2022,56367,coffee,KG,46
22-04-2022,4306,coffee,KG,239
25-04-2022,122920,coffee,KG,98
28-04-2022,141858,coffee,KG,182
02-05-2022,1485,coffee,KG,185
02-05-2022,60069,coffee,KG,74
07-05-2022,54001,coffee,KG,75
08-05-2022,2746,coffee,KG,125
09-05-2022,296,coffee,KG,259
11-05-2022,2010,coffee,KG,336
13-05-2022,1265,coffee,KG,183
18-05-2022,66934,coffee,KG,332
21-05-2022,1688,coffee,KG,385
24-05-2022,3481,coffee,KG,84
26-05-2022,31878,coffee,KG,137
01-06-2022,920,coffee,KG,339
04-06-2022,113345,coffee,KG,309
04-06-2022,103042,coffee,KG,195
06-06-2022,133653,coffee,KG,307
06-06-2022,6584,coffee,KG,238
08-06-2022,1028,coffee,KG,388
09-06-2022,139859,coffee,KG,105
18-06-2022,6365,coffee,KG,347
19-06-2022,919,coffee,KG,211
21-06-2022,69757,coffee,KG,152
25-06-2022,2174,coffee,KG,299
27-06-2022,4896,coffee,KG,196
29-06-2022,48385,coffee,KG,179
30-06-2022,1701,coffee,KG,173
02-07-2022,520,coffee,KG,395
07-07-2022,1527,coffee,KG,154
07-07-2022,84944,coffee,KG,118
08-07-2022,1588,coffee,KG,138
17-07-2022,2687,coffee,KG,145
23-07-2022,5378,coffee,KG,176
23-07-2022,344,coffee,KG,171
27-07-2022,2571,coffee,KG,169
30-07-2022,6711,coffee,KG,356
31-07-2022,936,coffee,KG,160
31-07-2022,8368,coffee,KG,155
02-08-2022,4881,coffee,KG,369
03-08-2022,1220,coffee,KG,139
06-08-2022,6539,coffee,KG,204
07-08-2022,54272,coffee,KG,168
10-08-2022,4223,coffee,KG,269
12-08-2022,39,coffee,KG,156
15-08-2022,58559,coffee,KG,360
17-08-2022,90866,coffee,KG,227
18-08-2022,480,coffee,KG,91
31-08-2022,109374,coffee,KG,124
03-09-2022,32587,coffee,KG,53
04-09-2022,26491,coffee,KG,172
05-09-2022,260,coffee,KG,219
05-09-2022,2291,coffee,KG,250
08-09-2022,5816,coffee,KG,208
08-09-2022,4973,coffee,KG,337
09-09-2022,46530,coffee,KG,290
11-09-2022,117861,coffee,KG,397
12-09-2022,110102,coffee,KG,196
23-09-2022,4963,coffee,KG,332
23-09-2022,4728,coffee,KG,269
26-09-2022,40815,coffee,KG,110
27-09-2022,1234,coffee,KG,122
28-09-2022,135456,coffee,KG,47
28-09-2022,741,coffee,KG,194
28-09-2022,111589,coffee,KG,210
29-09-2022,84954,coffee,KG,47
02-10-2022,89753,coffee,KG,218
06-10-2022,216,coffee,KG,207
07-10-2022,6579,coffee,KG,51
10-10-2022,5971,coffee,KG,63
11-10-2022,5218,coffee,KG,67
11-10-2022,112290,coffee,KG,366
11-10-2022,129659,coffee,KG,58
12-10-2022,71464,coffee,KG,186
15-10-2022,53894,coffee,KG,76
23-10-2022,3752,coffee,KG,165
27-10-2022,59315,coffee,KG,141
28-10-2022,155064,coffee,KG,105
03-11-2022,2987,coffee,KG,305
07-11-2022,55442,coffee,KG,65
07-11-2022,2355,coffee,KG,145
15-11-2022,4979,coffee,KG,362
15-11-2022,95167,coffee,KG,300
20-11-2022,1517,coffee,KG,81
21-11-2022,345,coffee,KG,193
22-11-2022,3147,coffee,KG,387
22-11-2022,161,coffee,KG,177
27-11-2022,4886,coffee,KG,52
29-11-2022,90746,coffee,KG,234
02-12-2022,7153,coffee,KG,139
03-12-2022,3793,coffee,KG,106
03-12-2022,52885,coffee,KG,52
07-12-2022,3114,coffee,KG,366
08-12-2022,91529,coffee,KG,102
11-12-2022,51662,coffee,KG,170
12-12-2022,30793,coffee,KG,139
14-12-2022,89302,coffee,KG,101
19-12-2022,6440,coffee,KG,332
21-12-2022,2089,coffee,KG,75
26-12-2022,111364,coffee,KG,186
26-12-2022,3159,coffee,KG,159
29-12-2022,94959,coffee,KG,210
05-01-2022,67867,coffee,KG,95
08-01-2022,2087,coffee,KG,148
14-01-2022,68135,coffee,KG,152
06-02-2022,2826,coffee,KG,67
11-02-2022,67923,coffee,KG,241
27-05-2022,5418,coffee,KG,88
28-05-2022,33166,coffee,KG,364
30-05-2022,68358,coffee,KG,106
25-06-2022,2687,coffee,KG,302
05-07-2022,66156,coffee,KG,351
02-08-2022,2402,coffee,KG,300
15-08-2022,68319,coffee,KG,246
21-08-2022,33794,coffee,KG,147
01-09-2022,2533,coffee,KG,295
26-10-2022,3703,coffee,KG,247
03-11-2022,3006,coffee,KG,192
04-11-2022,63033,coffee,KG,341
14-11-2022,2136,coffee,KG,82
05-12-2022,67197,coffee,KG,392
30-12-2022,519,coffee,KG,317
06-02-2022,4993,coffee,KG,307
08-02-2022,2716,coffee,KG,90
15-02-2022,163,coffee,KG,378
25-04-2022,342,coffee,KG,97
04-05-2022,3114,coffee,KG,322
19-05-2022,1396,coffee,KG,360
08-06-2022,1380,coffee,KG,351
12-06-2022,466,coffee,KG,259
24-06-2022,2268,coffee,KG,388
10-07-2022,3897,coffee,KG,105
16-07-2022,2054,coffee,KG,81
02-08-2022,2706,coffee,KG,212
07-08-2022,1610,coffee,KG,386
22-08-2022,2194,coffee,KG,299
11-10-2022,2406,coffee,KG,387
27-10-2022,2640,coffee,KG,96
06-12-2022,5952,coffee,KG,113
24-12-2022,2502,coffee,KG,326
29-12-2022,282,coffee,KG,365
29-12-2022,48,coffee,KG,288
22-05-2022,1198,coffee,KG,44
22-06-2022,1197,coffee,KG,235
11-07-2022,2028,coffee,KG,187
06-08-2022,1193,coffee,KG,59
16-09-2022,1104,coffee,KG,66
01-10-2022,3334,coffee,KG,53
08-11-2022,3702,coffee,KG,227
15-11-2022,527,coffee,KG,131
01-01-2022,2248,coffee,KG,367
03-01-2022,3704,coffee,KG,110
04-01-2022,1394,coffee,KG,42
04-01-2022,1373,coffee,KG,85
05-01-2022,1895,coffee,KG,343
06-01-2022,32,coffee,KG,350
06-01-2022,1198,coffee,KG,284
07-01-2022,524,coffee,KG,217
09-01-2022,441,coffee,KG,76
09-01-2022,2795,coffee,KG,378
10-01-2022,3019,coffee,KG,275
11-01-2022,2301,coffee,KG,162
11-01-2022,3087,coffee,KG,213
12-01-2022,1210,coffee,KG,61
13-01-2022,2640,coffee,KG,353
13-01-2022,265,coffee,KG,384
14-01-2022,1246,coffee,KG,195
15-01-2022,2749,coffee,KG,334
15-01-2022,2903,coffee,KG,226
16-01-2022,2471,coffee,KG,255
16-01-2022,3984,coffee,KG,49
17-01-2022,1747,coffee,KG,391
18-01-2022,4007,coffee,KG,135
19-01-2022,1972,coffee,KG,398
20-01-2022,2012,coffee,KG,319
21-01-2022,1231,coffee,KG,255
21-01-2022,1989,coffee,KG,325
22-01-2022,417,coffee,KG,116
22-01-2022,1258,coffee,KG,46
22-01-2022,3510,coffee,KG,121
23-01-2022,3135,coffee,KG,310
23-01-2022,1673,coffee,KG,299
24-01-2022,2641,coffee,KG,184
24-01-2022,62,coffee,KG,73
24-01-2022,3939,coffee,KG,103
25-01-2022,832,coffee,KG,208
26-01-2022,3361,coffee,KG,45
26-01-2022,3147,coffee,KG,363
26-01-2022,1393,coffee,KG,192
31-01-2022,3969,coffee,KG,234
01-02-2022,3276,coffee,KG,288
03-02-2022,4128,coffee,KG,148
03-02-2022,994,coffee,KG,171
06-02-2022,2380,coffee,KG,51
09-02-2022,2572,coffee,KG,122
11-02-2022,1089,coffee,KG,379
11-02-2022,3552,coffee,KG,148
12-02-2022,175,coffee,KG,381
13-02-2022,266,coffee,KG,376
17-02-2022,3861,coffee,KG,346
18-02-2022,3270,coffee,KG,137
20-02-2022,2402,coffee,KG,131
23-02-2022,1188,coffee,KG,386
23-02-2022,1952,coffee,KG,142
23-02-2022,2997,coffee,KG,326
23-02-2022,3328,coffee,KG,197
24-02-2022,3646,coffee,KG,340
24-02-2022,2058,coffee,KG,108
24-02-2022,2517,coffee,KG,220
24-02-2022,162,coffee,KG,115
26-02-2022,2382,coffee,KG,368
26-02-2022,2976,coffee,KG,78
28-02-2022,3614,coffee,KG,131
01-03-2022,4066,coffee,KG,78
01-03-2022,34,coffee,KG,242
01-03-2022,2770,coffee,KG,334
01-03-2022,4086,coffee,KG,318
04-03-2022,3041,coffee,KG,180
05-03-2022,318,coffee,KG,189
06-03-2022,3285,coffee,KG,346
09-03-2022,2150,coffee,KG,54
09-03-2022,2918,coffee,KG,106
11-03-2022,2771,coffee,KG,58
12-03-2022,3481,coffee,KG,247
13-03-2022,3363,coffee,KG,345
14-03-2022,416,coffee,KG,93
15-03-2022,349,coffee,KG,366
19-03-2022,1094,coffee,KG,151
21-03-2022,6,coffee,KG,232
22-03-2022,1704,coffee,KG,206
23-03-2022,507,coffee,KG,350
24-03-2022,3424,coffee,KG,258
24-03-2022,454,coffee,KG,389
25-03-2022,2050,coffee,KG,360
31-03-2022,2513,coffee,KG,286
31-03-2022,3142,coffee,KG,357
02-04-2022,1323,coffee,KG,338
04-04-2022,553,coffee,KG,350
04-04-2022,4041,coffee,KG,273
05-04-2022,1268,coffee,KG,343
05-04-2022,648,coffee,KG,318
08-04-2022,337,coffee,KG,287
08-04-2022,4002,coffee,KG,251
08-04-2022,3259,coffee,KG,285
09-04-2022,2435,coffee,KG,40
10-04-2022,3478,coffee,KG,89
10-04-2022,1357,coffee,KG,262
11-04-2022,1387,coffee,KG,123
11-04-2022,1287,coffee,KG,365
11-04-2022,3751,coffee,KG,145
12-04-2022,3114,coffee,KG,77
14-04-2022,3396,coffee,KG,284
15-04-2022,471,coffee,KG,162
15-04-2022,2890,coffee,KG,294
20-04-2022,2162,coffee,KG,205
20-04-2022,73,coffee,KG,48
21-04-2022,2952,coffee,KG,334
21-04-2022,2145,coffee,KG,179
22-04-2022,1963,coffee,KG,230
22-04-2022,2273,coffee,KG,97
23-04-2022,2151,coffee,KG,135
24-04-2022,2758,coffee,KG,102
24-04-2022,3707,coffee,KG,136
26-04-2022,1185,coffee,KG,178
27-04-2022,788,coffee,KG,234
29-04-2022,3593,coffee,KG,179
29-04-2022,2797,coffee,KG,282
30-04-2022,2928,coffee,KG,234
30-04-2022,3101,coffee,KG,315
04-05-2022,1307,coffee,KG,208
08-05-2022,2146,coffee,KG,133
09-05-2022,3014,coffee,KG,149
10-05-2022,3006,coffee,KG,206
12-05-2022,1240,coffee,KG,374
13-05-2022,1611,coffee,KG,92
13-05-2022,597,coffee,KG,110
13-05-2022,367,coffee,KG,323
15-05-2022,2121,coffee,KG,208
15-05-2022,728,coffee,KG,120
15-05-2022,2253,coffee,KG,52
16-05-2022,3301,coffee,KG,272
16-05-2022,2469,coffee,KG,57
17-05-2022,1649,coffee,KG,132
17-05-2022,1921,coffee,KG,396
17-05-2022,3448,coffee,KG,216
18-05-2022,3174,coffee,KG,366
19-05-2022,1653,coffee,KG,328
21-05-2022,3386,coffee,KG,366
21-05-2022,2302,coffee,KG,61
24-05-2022,2642,coffee,KG,45
24-05-2022,3717,coffee,KG,111
25-05-2022,3702,coffee,KG,247
25-05-2022,587,coffee,KG,164
25-05-2022,3169,coffee,KG,342
26-05-2022,21,coffee,KG,250
29-05-2022,2701,coffee,KG,166
04-06-2022,198,coffee,KG,315
05-06-2022,2305,coffee,KG,162
05-06-2022,356,coffee,KG,89
06-06-2022,1201,coffee,KG,389
14-06-2022,2395,coffee,KG,391
17-06-2022,3688,coffee,KG,74
18-06-2022,2734,coffee,KG,152
21-06-2022,590,coffee,KG,65
22-06-2022,319,coffee,KG,200
24-06-2022,481,coffee,KG,291
25-06-2022,2908,coffee,KG,257
29-06-2022,2915,coffee,KG,157
30-06-2022,1275,coffee,KG,130
01-07-2022,1242,coffee,KG,134
01-07-2022,2054,coffee,KG,93
03-07-2022,595,coffee,KG,110
03-07-2022,4047,coffee,KG,297
04-07-2022,383,coffee,KG,224
04-07-2022,2021,coffee,KG,328
05-07-2022,4091,coffee,KG,201
06-07-2022,2916,coffee,KG,387
06-07-2022,1466,coffee,KG,89
07-07-2022,232,coffee,KG,328
08-07-2022,2394,coffee,KG,209
09-07-2022,1197,coffee,KG,380
10-07-2022,2745,coffee,KG,340
11-07-2022,52,coffee,KG,66
11-07-2022,4067,coffee,KG,160
12-07-2022,194,coffee,KG,161
12-07-2022,2686,coffee,KG,317
12-07-2022,3108,coffee,KG,43
12-07-2022,3768,coffee,KG,42
16-07-2022,2161,coffee,KG,377
17-07-2022,2348,coffee,KG,156
17-07-2022,3102,coffee,KG,390
19-07-2022,110,coffee,KG,293
19-07-2022,47,coffee,KG,49
21-07-2022,246,coffee,KG,105
22-07-2022,1228,coffee,KG,246
27-07-2022,39,coffee,KG,143
27-07-2022,1225,coffee,KG,152
27-07-2022,3198,coffee,KG,66
28-07-2022,1441,coffee,KG,152
29-07-2022,2657,coffee,KG,130
29-07-2022,2743,coffee,KG,70
30-07-2022,3250,coffee,KG,387
30-07-2022,3071,coffee,KG,301
03-08-2022,1600,coffee,KG,193
04-08-2022,3391,coffee,KG,310
05-08-2022,3252,coffee,KG,196
05-08-2022,3060,coffee,KG,149
06-08-2022,1983,coffee,KG,341
06-08-2022,2331,coffee,KG,311
06-08-2022,3033,coffee,KG,236
06-08-2022,2702,coffee,KG,55
06-08-2022,1375,coffee,KG,226
07-08-2022,3785,coffee,KG,206
08-08-2022,1127,coffee,KG,68
08-08-2022,3388,coffee,KG,73
09-08-2022,1923,coffee,KG,44
11-08-2022,3962,coffee,KG,231
12-08-2022,300,coffee,KG,364
13-08-2022,4111,coffee,KG,329
13-08-2022,3347,coffee,KG,105
15-08-2022,1179,coffee,KG,349
17-08-2022,2166,coffee,KG,86
17-08-2022,1594,coffee,KG,347
18-08-2022,1978,coffee,KG,135
18-08-2022,2457,coffee,KG,294
18-08-2022,1958,coffee,KG,206
19-08-2022,904,coffee,KG,340
19-08-2022,2950,coffee,KG,185
20-08-2022,3505,coffee,KG,243
22-08-2022,1378,coffee,KG,383
24-08-2022,2450,coffee,KG,280
24-08-2022,2000,coffee,KG,162
25-08-2022,3476,coffee,KG,148
25-08-2022,4109,coffee,KG,163
27-08-2022,482,coffee,KG,236
28-08-2022,2762,coffee,KG,61
28-08-2022,3387,coffee,KG,322
31-08-2022,4084,coffee,KG,217
31-08-2022,1981,coffee,KG,218
31-08-2022,2406,coffee,KG,209
03-09-2022,3708,coffee,KG,73
03-09-2022,2990,coffee,KG,209
04-09-2022,778,coffee,KG,287
04-09-2022,2460,coffee,KG,302
04-09-2022,1257,coffee,KG,283
06-09-2022,2383,coffee,KG,224
06-09-2022,448,coffee,KG,65
07-09-2022,1977,coffee,KG,88
08-09-2022,1914,coffee,KG,375
08-09-2022,1298,coffee,KG,356
08-09-2022,2423,coffee,KG,327
10-09-2022,1054,coffee,KG,120
10-09-2022,2352,coffee,KG,368
13-09-2022,2791,coffee,KG,242
13-09-2022,1243,coffee,KG,394
13-09-2022,3206,coffee,KG,372
14-09-2022,3498,coffee,KG,234
15-09-2022,3452,coffee,KG,172
15-09-2022,176,coffee,KG,308
15-09-2022,1297,coffee,KG,331
17-09-2022,2005,coffee,KG,149
19-09-2022,4085,coffee,KG,60
22-09-2022,1233,coffee,KG,345
23-09-2022,3182,coffee,KG,376
25-09-2022,2376,coffee,KG,261
26-09-2022,2600,coffee,KG,102
27-09-2022,550,coffee,KG,246
29-09-2022,2106,coffee,KG,132
29-09-2022,497,coffee,KG,53
30-09-2022,3441,coffee,KG,181
01-10-2022,1288,coffee,KG,389
03-10-2022,1073,coffee,KG,212
04-10-2022,352,coffee,KG,399
05-10-2022,2917,coffee,KG,389
07-10-2022,2754,coffee,KG,303
08-10-2022,3578,coffee,KG,156
09-10-2022,608,coffee,KG,335
09-10-2022,4008,coffee,KG,133
09-10-2022,45,coffee,KG,347
10-10-2022,3253,coffee,KG,395
10-10-2022,1449,coffee,KG,205
14-10-2022,2324,coffee,KG,193
17-10-2022,1193,coffee,KG,180
17-10-2022,2989,coffee,KG,174
19-10-2022,1293,coffee,KG,370
19-10-2022,147,coffee,KG,47
23-10-2022,1805,coffee,KG,92
23-10-2022,1097,coffee,KG,219
23-10-2022,1272,coffee,KG,378
24-10-2022,2320,coffee,KG,360
25-10-2022,2381,coffee,KG,325
25-10-2022,1079,coffee,KG,200
25-10-2022,3017,coffee,KG,366
25-10-2022,1970,coffee,KG,339
26-10-2022,3991,coffee,KG,313
26-10-2022,2006,coffee,KG,265
27-10-2022,2194,coffee,KG,56
27-10-2022,3255,coffee,KG,245
28-10-2022,3591,coffee,KG,331
02-11-2022,3623,coffee,KG,350
02-11-2022,2468,coffee,KG,344
04-11-2022,1976,coffee,KG,244
04-11-2022,1959,coffee,KG,261
04-11-2022,2291,coffee,KG,197
06-11-2022,3695,coffee,KG,380
08-11-2022,592,coffee,KG,198
09-11-2022,1060,coffee,KG,57
09-11-2022,3703,coffee,KG,177
09-11-2022,2858,coffee,KG,386
09-11-2022,2378,coffee,KG,92
10-11-2022,2065,coffee,KG,227
11-11-2022,3157,coffee,KG,43
11-11-2022,3418,coffee,KG,95
11-11-2022,1848,coffee,KG,253
12-11-2022,3256,coffee,KG,302
13-11-2022,3412,coffee,KG,62
14-11-2022,3911,coffee,KG,282
15-11-2022,3608,coffee,KG,161
16-11-2022,233,coffee,KG,273
16-11-2022,2174,coffee,KG,325
17-11-2022,1191,coffee,KG,327
18-11-2022,2413,coffee,KG,286
19-11-2022,1302,coffee,KG,231
19-11-2022,2405,coffee,KG,351
19-11-2022,3555,coffee,KG,372
20-11-2022,2294,coffee,KG,341
22-11-2022,480,coffee,KG,186
22-11-2022,3479,coffee,KG,361
23-11-2022,3653,coffee,KG,224
23-11-2022,2422,coffee,KG,136
24-11-2022,1735,coffee,KG,315
24-11-2022,1080,coffee,KG,85
25-11-2022,1291,coffee,KG,244
25-11-2022,1617,coffee,KG,288
25-11-2022,3617,coffee,KG,391
27-11-2022,3985,coffee,KG,295
29-11-2022,2105,coffee,KG,171
29-11-2022,25,coffee,KG,66
29-11-2022,2891,coffee,KG,220
01-12-2022,2028,coffee,KG,109
02-12-2022,4102,coffee,KG,57
02-12-2022,1196,coffee,KG,187
03-12-2022,3527,coffee,KG,201
03-12-2022,1979,coffee,KG,249
04-12-2022,372,coffee,KG,257
05-12-2022,1894,coffee,KG,72
08-12-2022,1084,coffee,KG,219
08-12-2022,2671,coffee,KG,374
09-12-2022,2643,coffee,KG,348
10-12-2022,3961,coffee,KG,205
11-12-2022,3129,coffee,KG,259
12-12-2022,36,coffee,KG,240
13-12-2022,1542,coffee,KG,113
15-12-2022,3484,coffee,KG,240
15-12-2022,3698,coffee,KG,52
16-12-2022,1381,coffee,KG,342
17-12-2022,1986,coffee,KG,367
18-12-2022,1912,coffee,KG,153
18-12-2022,2371,coffee,KG,98
19-12-2022,1235,coffee,KG,259
19-12-2022,1619,coffee,KG,373
21-12-2022,1208,coffee,KG,387
23-12-2022,4031,coffee,KG,382
23-12-2022,2599,coffee,KG,167
24-12-2022,1220,coffee,KG,149
24-12-2022,1389,coffee,KG,64
24-12-2022,2321,coffee,KG,394
26-12-2022,1036,coffee,KG,338
28-12-2022,1840,coffee,KG,327
29-12-2022,1980,coffee,KG,102
30-12-2022,714,coffee,KG,232
21-01-2022,480,coffee,KG,135
09-02-2022,317,coffee,KG,76
24-02-2022,95,coffee,KG,319
12-03-2022,160,coffee,KG,92
14-03-2022,225,coffee,KG,132
22-03-2022,356,coffee,KG,345
30-04-2022,590,coffee,KG,335
05-05-2022,457,coffee,KG,216
10-06-2022,10,coffee,KG,386
26-07-2022,19,coffee,KG,244
27-07-2022,592,coffee,KG,286
06-08-2022,553,coffee,KG,151
02-09-2022,586,coffee,KG,76
21-09-2022,150,coffee,KG,174
21-09-2022,587,coffee,KG,120
26-09-2022,161,coffee,KG,301
05-10-2022,296,coffee,KG,285
08-10-2022,153,coffee,KG,267
18-10-2022,588,coffee,KG,147
28-11-2022,597,coffee,KG,205
27-12-2022,44,coffee,KG,127
06-07-2022,2558,coffee,KG,224
14-10-2022,2478,coffee,KG,392
03-01-2022,2528,coffee,KG,292
08-01-2022,111,coffee,KG,216
18-01-2022,2959,coffee,KG,83
19-01-2022,1221,coffee,KG,353
21-01-2022,6377,coffee,KG,312
27-01-2022,1207,coffee,KG,153
01-02-2022,2628,coffee,KG,189
12-02-2022,1270,coffee,KG,42
16-02-2022,1210,coffee,KG,255
17-02-2022,2291,coffee,KG,78
22-03-2022,175,coffee,KG,264
27-03-2022,1259,coffee,KG,260
07-04-2022,8622,coffee,KG,56
09-04-2022,1441,coffee,KG,125
16-04-2022,48774,coffee,KG,347
29-04-2022,1267,coffee,KG,349
02-05-2022,588,coffee,KG,398
04-05-2022,6612,coffee,KG,284
16-05-2022,593,coffee,KG,211
19-05-2022,904,coffee,KG,285
23-05-2022,8464,coffee,KG,181
05-06-2022,8874,coffee,KG,205
06-06-2022,1196,coffee,KG,104
16-06-2022,47,coffee,KG,165
24-06-2022,457,coffee,KG,307
28-06-2022,1258,coffee,KG,182
16-07-2022,912,coffee,KG,372
23-07-2022,589,coffee,KG,157
09-08-2022,2640,coffee,KG,120
14-08-2022,4002,coffee,KG,269
19-08-2022,2762,coffee,KG,86
24-08-2022,2792,coffee,KG,172
31-08-2022,1243,coffee,KG,222
14-09-2022,356,coffee,KG,321
10-10-2022,2797,coffee,KG,221
10-10-2022,541,coffee,KG,169
12-10-2022,5353,coffee,KG,244
31-10-2022,33493,coffee,KG,268
22-11-2022,318,coffee,KG,187
02-12-2022,1968,coffee,KG,397
06-12-2022,2700,coffee,KG,61
09-12-2022,3088,coffee,KG,183
11-12-2022,2916,coffee,KG,375
13-12-2022,1997,coffee,KG,313
23-12-2022,2791,coffee,KG,383
23-12-2022,2502,coffee,KG,361
05-01-2022,3440,coffee,KG,292
09-01-2022,4799,coffee,KG,143
23-01-2022,2641,coffee,KG,89
07-04-2022,1198,coffee,KG,282
11-04-2022,58559,coffee,KG,161
03-05-2022,2571,coffee,KG,322
12-05-2022,36708,coffee,KG,194
31-05-2022,91535,coffee,KG,76
16-06-2022,318,coffee,KG,176
28-06-2022,35957,coffee,KG,62
02-08-2022,43930,coffee,KG,392
02-08-2022,8866,coffee,KG,312
21-11-2022,260,coffee,KG,127
27-11-2022,4226,coffee,KG,283
27-11-2022,58998,coffee,KG,398
01-01-2022,5349,coffee,KG,375
03-01-2022,2071,coffee,KG,96
07-01-2022,1172,coffee,KG,56
11-01-2022,236,coffee,KG,57
13-01-2022,506,coffee,KG,103
13-01-2022,369,coffee,KG,121
03-02-2022,2248,coffee,KG,394
26-02-2022,5378,coffee,KG,365
27-02-2022,5218,coffee,KG,149
08-03-2022,5445,coffee,KG,44
11-03-2022,3072,coffee,KG,230
31-03-2022,1265,coffee,KG,330
10-04-2022,2065,coffee,KG,371
16-04-2022,296,coffee,KG,186
20-04-2022,527,coffee,KG,107
23-04-2022,4713,coffee,KG,137
02-05-2022,2134,coffee,KG,194
18-05-2022,934,coffee,KG,206
22-05-2022,5309,coffee,KG,255
01-06-2022,2331,coffee,KG,387
10-06-2022,1188,coffee,KG,236
13-06-2022,1688,coffee,KG,122
17-07-2022,2371,coffee,KG,186
17-08-2022,1693,coffee,KG,109
17-09-2022,4306,coffee,KG,194
21-09-2022,5646,coffee,KG,370
05-10-2022,454,coffee,KG,226
15-10-2022,778,coffee,KG,85
08-11-2022,3479,coffee,KG,320
25-11-2022,4359,coffee,KG,207
26-11-2022,899,coffee,KG,265
06-12-2022,3007,coffee,KG,42
22-12-2022,2413,coffee,KG,267
02-01-2022,2916,coffee,KG,395
07-01-2022,1387,coffee,KG,92
10-01-2022,593,coffee,KG,356
22-01-2022,2502,coffee,KG,181
23-01-2022,541,coffee,KG,283
23-01-2022,2806,coffee,KG,226
24-01-2022,2316,coffee,KG,170
27-01-2022,2333,coffee,KG,345
31-01-2022,2355,coffee,KG,45
01-02-2022,1580,coffee,KG,257
03-02-2022,2690,coffee,KG,379
05-02-2022,1219,coffee,KG,90
08-02-2022,1343,coffee,KG,305
15-02-2022,2826,coffee,KG,235
16-02-2022,405,coffee,KG,368
06-03-2022,3062,coffee,KG,333
11-03-2022,2126,coffee,KG,160
25-03-2022,3753,coffee,KG,231
09-04-2022,3114,coffee,KG,133
10-04-2022,780,coffee,KG,327
21-04-2022,3185,coffee,KG,157
28-04-2022,923,coffee,KG,363
04-05-2022,3703,coffee,KG,151
16-05-2022,2707,coffee,KG,143
24-05-2022,2518,coffee,KG,71
25-05-2022,1527,coffee,KG,342
30-05-2022,3516,coffee,KG,338
04-06-2022,1917,coffee,KG,325
11-06-2022,3225,coffee,KG,198
13-06-2022,1265,coffee,KG,145
13-06-2022,497,coffee,KG,226
16-06-2022,5649,coffee,KG,63
25-06-2022,3841,coffee,KG,203
05-07-2022,858,coffee,KG,56
12-07-2022,1674,coffee,KG,221
13-07-2022,2959,coffee,KG,295
15-07-2022,2858,coffee,KG,304
22-07-2022,1914,coffee,KG,197
25-07-2022,2266,coffee,KG,297
28-07-2022,2599,coffee,KG,44
31-07-2022,2644,coffee,KG,142
12-08-2022,2094,coffee,KG,362
13-08-2022,2712,coffee,KG,236
13-08-2022,1676,coffee,KG,368
15-08-2022,3005,coffee,KG,357
16-08-2022,2628,coffee,KG,175
16-08-2022,3148,coffee,KG,228
24-08-2022,2188,coffee,KG,77
26-08-2022,1198,coffee,KG,346
28-08-2022,2723,coffee,KG,73
28-08-2022,3408,coffee,KG,142
04-09-2022,2571,coffee,KG,269
10-09-2022,608,coffee,KG,389
11-09-2022,50,coffee,KG,294
23-10-2022,379,coffee,KG,195
28-10-2022,3147,coffee,KG,60
04-11-2022,6184,coffee,KG,351
09-11-2022,1356,coffee,KG,169
14-11-2022,2600,coffee,KG,381
15-11-2022,260,coffee,KG,183
20-11-2022,480,coffee,KG,67
20-11-2022,1831,coffee,KG,80
20-12-2022,1225,coffee,KG,258
23-12-2022,3354,coffee,KG,58
24-12-2022,1284,coffee,KG,241
25-12-2022,527,coffee,KG,290
25-12-2022,32,coffee,KG,260
29-12-2022,2706,coffee,KG,194
11-01-2022,1358,coffee,KG,300
03-02-2022,2294,coffee,KG,198
12-02-2022,520,coffee,KG,83
15-06-2022,2006,coffee,KG,336
20-08-2022,3755,coffee,KG,118
22-09-2022,1377,coffee,KG,302
08-01-2022,5944,coffee,KG,369
16-01-2022,51255,coffee,KG,165
10-02-2022,5378,coffee,KG,83
10-02-2022,91500,coffee,KG,399
11-02-2022,103335,coffee,KG,60
16-02-2022,88125,coffee,KG,148
01-03-2022,5219,coffee,KG,151
02-03-2022,1291,coffee,KG,351
05-03-2022,1527,coffee,KG,249
27-03-2022,2571,coffee,KG,336
01-04-2022,54001,coffee,KG,365
16-04-2022,98809,coffee,KG,310
25-04-2022,79132,coffee,KG,62
25-04-2022,115617,coffee,KG,78
01-05-2022,3578,coffee,KG,90
02-05-2022,1270,coffee,KG,60
10-05-2022,5952,coffee,KG,270
29-05-2022,89745,coffee,KG,230
30-05-2022,88140,coffee,KG,250
31-05-2022,1682,coffee,KG,52
13-06-2022,68954,coffee,KG,135
21-06-2022,4993,coffee,KG,273
27-06-2022,1210,coffee,KG,52
27-06-2022,5445,coffee,KG,115
05-07-2022,114662,coffee,KG,257
13-07-2022,81834,coffee,KG,219
29-07-2022,114180,coffee,KG,314
23-08-2022,109487,coffee,KG,319
30-08-2022,6539,coffee,KG,116
05-09-2022,112852,coffee,KG,180
08-10-2022,7153,coffee,KG,328
09-10-2022,1196,coffee,KG,369
11-10-2022,3082,coffee,KG,142
26-10-2022,122892,coffee,KG,143
28-10-2022,117895,coffee,KG,209
07-11-2022,589,coffee,KG,365
09-11-2022,110102,coffee,KG,149
15-11-2022,80463,coffee,KG,58
16-11-2022,97938,coffee,KG,305
29-11-2022,135133,coffee,KG,230
02-12-2022,1036,coffee,KG,69
05-12-2022,33794,coffee,KG,75
10-12-2022,60069,coffee,KG,87
16-12-2022,69844,coffee,KG,189
22-12-2022,2011,coffee,KG,143
26-12-2022,116823,coffee,KG,253
29-12-2022,3977,coffee,KG,160
19-01-2022,377,coffee,KG,183
21-01-2022,367,coffee,KG,227
23-01-2022,43,coffee,KG,255
25-02-2022,353,coffee,KG,96
21-03-2022,457,coffee,KG,388
26-03-2022,185,coffee,KG,363
04-04-2022,337,coffee,KG,183
04-04-2022,434,coffee,KG,284
24-04-2022,494,coffee,KG,175
14-05-2022,410,coffee,KG,128
01-06-2022,161,coffee,KG,302
02-07-2022,356,coffee,KG,155
03-07-2022,231,coffee,KG,207
07-07-2022,208,coffee,KG,188
07-07-2022,380,coffee,KG,387
17-07-2022,306,coffee,KG,323
01-09-2022,780,coffee,KG,399
04-10-2022,253,coffee,KG,116
10-10-2022,235,coffee,KG,338
21-10-2022,10,coffee,KG,157
31-10-2022,370,coffee,KG,81
13-11-2022,307,coffee,KG,180
28-11-2022,246,coffee,KG,79
02-12-2022,292,coffee,KG,145
13-12-2022,153,coffee,KG,390
15-12-2022,588,coffee,KG,325
01-01-2022,260,coffee,KG,130
04-01-2022,1221,coffee,KG,190
05-01-2022,161582,coffee,KG,231
16-01-2022,34,coffee,KG,122
16-01-2022,1090,coffee,KG,316
18-01-2022,1234,coffee,KG,364
19-01-2022,3421,coffee,KG,121
20-01-2022,172,coffee,KG,339
20-01-2022,70286,coffee,KG,151
21-01-2022,6502,coffee,KG,91
21-01-2022,6,coffee,KG,58
22-01-2022,51935,coffee,KG,280
23-01-2022,32,coffee,KG,89
30-01-2022,2951,coffee,KG,347
03-02-2022,2000,coffee,KG,173
05-02-2022,1527,coffee,KG,184
06-02-2022,1036,coffee,KG,190
07-02-2022,6016,coffee,KG,78
12-02-2022,7153,coffee,KG,79
14-02-2022,2105,coffee,KG,95
15-02-2022,2529,coffee,KG,243
16-02-2022,442,coffee,KG,92
17-02-2022,49272,coffee,KG,172
17-02-2022,1391,coffee,KG,96
18-02-2022,48774,coffee,KG,68
26-02-2022,3703,coffee,KG,66
03-03-2022,1209,coffee,KG,101
06-03-2022,40815,coffee,KG,80
07-03-2022,2762,coffee,KG,356
15-03-2022,1617,coffee,KG,117
15-03-2022,2003,coffee,KG,40
20-03-2022,1997,coffee,KG,142
20-03-2022,2011,coffee,KG,226
20-03-2022,68157,coffee,KG,91
22-03-2022,27773,coffee,KG,275
23-03-2022,53000,coffee,KG,220
25-03-2022,1374,coffee,KG,264
27-03-2022,316,coffee,KG,260
28-03-2022,555,coffee,KG,281
29-03-2022,4034,coffee,KG,142
31-03-2022,5995,coffee,KG,208
01-04-2022,48516,coffee,KG,383
03-04-2022,2329,coffee,KG,164
06-04-2022,1247,coffee,KG,319
11-04-2022,1219,coffee,KG,361
13-04-2022,47,coffee,KG,142
13-04-2022,99114,coffee,KG,118
15-04-2022,1263,coffee,KG,233
16-04-2022,2858,coffee,KG,330
18-04-2022,122882,coffee,KG,274
26-04-2022,353,coffee,KG,238
26-04-2022,8874,coffee,KG,280
29-04-2022,2916,coffee,KG,297
01-05-2022,64839,coffee,KG,184
03-05-2022,1089,coffee,KG,158
03-05-2022,57368,coffee,KG,324
04-05-2022,172547,coffee,KG,240
06-05-2022,5266,coffee,KG,78
07-05-2022,1580,coffee,KG,201
08-05-2022,139385,coffee,KG,196
08-05-2022,1276,coffee,KG,230
11-05-2022,68358,coffee,KG,399
16-05-2022,2985,coffee,KG,190
16-05-2022,2291,coffee,KG,197
17-05-2022,166528,coffee,KG,274
19-05-2022,1291,coffee,KG,234
21-05-2022,3868,coffee,KG,188
27-05-2022,2728,coffee,KG,212
27-05-2022,33162,coffee,KG,352
29-05-2022,111,coffee,KG,216
03-06-2022,10,coffee,KG,62
05-06-2022,164179,coffee,KG,285
08-06-2022,4993,coffee,KG,157
08-06-2022,96610,coffee,KG,115
10-06-2022,5618,coffee,KG,267
11-06-2022,356,coffee,KG,116
13-06-2022,110,coffee,KG,71
15-06-2022,3996,coffee,KG,316
16-06-2022,81847,coffee,KG,191
21-06-2022,780,coffee,KG,239
22-06-2022,51255,coffee,KG,121
22-06-2022,1320,coffee,KG,207
23-06-2022,68954,coffee,KG,76
25-06-2022,122922,coffee,KG,237
25-06-2022,1732,coffee,KG,68
27-06-2022,1127,coffee,KG,115
30-06-2022,1704,coffee,KG,292
02-07-2022,54286,coffee,KG,213
03-07-2022,50,coffee,KG,145
03-07-2022,34048,coffee,KG,306
10-07-2022,4262,coffee,KG,111
10-07-2022,1210,coffee,KG,221
13-07-2022,296,coffee,KG,101
16-07-2022,1968,coffee,KG,234
16-07-2022,7458,coffee,KG,68
17-07-2022,174585,coffee,KG,260
19-07-2022,122886,coffee,KG,170
21-07-2022,367,coffee,KG,122
21-07-2022,48394,coffee,KG,324
22-07-2022,1321,coffee,KG,147
26-07-2022,8961,coffee,KG,78
28-07-2022,8622,coffee,KG,274
29-07-2022,143355,coffee,KG,205
29-07-2022,3702,coffee,KG,53
02-08-2022,1228,coffee,KG,376
03-08-2022,5349,coffee,KG,261
05-08-2022,8665,coffee,KG,113
05-08-2022,31410,coffee,KG,91
07-08-2022,1080,coffee,KG,56
09-08-2022,5952,coffee,KG,371
16-08-2022,60684,coffee,KG,304
18-08-2022,589,coffee,KG,239
22-08-2022,2692,coffee,KG,164
24-08-2022,1198,coffee,KG,234
30-08-2022,7143,coffee,KG,200
01-09-2022,1222,coffee,KG,304
07-09-2022,329,coffee,KG,263
08-09-2022,51662,coffee,KG,183
10-09-2022,858,coffee,KG,300
11-09-2022,69481,coffee,KG,323
26-09-2022,69122,coffee,KG,93
03-10-2022,45499,coffee,KG,219
04-10-2022,5445,coffee,KG,177
09-10-2022,733,coffee,KG,327
10-10-2022,1299,coffee,KG,251
11-10-2022,364,coffee,KG,41
16-10-2022,153,coffee,KG,358
25-10-2022,26614,coffee,KG,101
28-10-2022,1265,coffee,KG,349
04-11-2022,173,coffee,KG,199
04-11-2022,2628,coffee,KG,137
05-11-2022,4011,coffee,KG,354
06-11-2022,2791,coffee,KG,244
06-11-2022,1214,coffee,KG,78
08-11-2022,1961,coffee,KG,257
08-11-2022,56782,coffee,KG,83
09-11-2022,3300,coffee,KG,392
10-11-2022,1136,coffee,KG,183
19-11-2022,3671,coffee,KG,329
23-11-2022,924,coffee,KG,283
30-11-2022,4855,coffee,KG,373
01-12-2022,112175,coffee,KG,49
10-12-2022,3869,coffee,KG,319
11-12-2022,5574,coffee,KG,268
11-12-2022,4878,coffee,KG,172
13-12-2022,1953,coffee,KG,85
16-12-2022,163645,coffee,KG,144
19-12-2022,1204,coffee,KG,333
20-12-2022,72998,coffee,KG,301
22-12-2022,1387,coffee,KG,326
24-12-2022,344,coffee,KG,361
27-12-2022,8636,coffee,KG,309
28-12-2022,4002,coffee,KG,140
28-12-2022,1197,coffee,KG,231
30-12-2022,1466,coffee,KG,119
28-01-2022,96610,coffee,KG,308
07-02-2022,2692,coffee,KG,48
07-02-2022,3911,coffee,KG,183
25-02-2022,5618,coffee,KG,145
03-03-2022,4979,coffee,KG,383
08-03-2022,1199,coffee,KG,364
19-03-2022,1089,coffee,KG,325
04-04-2022,2105,coffee,KG,390
27-04-2022,1235,coffee,KG,92
28-04-2022,68237,coffee,KG,349
18-05-2022,1947,coffee,KG,340
30-05-2022,785,coffee,KG,100
21-06-2022,1175,coffee,KG,40
25-06-2022,1285,coffee,KG,88
03-08-2022,1682,coffee,KG,252
29-08-2022,2161,coffee,KG,220
04-10-2022,1092,coffee,KG,343
07-10-2022,1396,coffee,KG,278
12-10-2022,4973,coffee,KG,59
13-10-2022,3000,coffee,KG,316
14-11-2022,55442,coffee,KG,329
27-12-2022,6773,coffee,KG,218
14-08-2022,902,coffee,KG,379
04-09-2022,835,coffee,KG,380
17-09-2022,2531,coffee,KG,318
06-01-2022,260,coffee,KG,274
07-01-2022,8376,coffee,KG,268
11-01-2022,1240,coffee,KG,74
13-01-2022,1097,coffee,KG,122
17-01-2022,1747,coffee,KG,292
17-01-2022,410,coffee,KG,143
22-01-2022,1148,coffee,KG,395
26-01-2022,34319,coffee,KG,325
29-01-2022,2692,coffee,KG,331
31-01-2022,32587,coffee,KG,322
12-02-2022,4489,coffee,KG,300
12-02-2022,1387,coffee,KG,173
12-02-2022,6502,coffee,KG,79
14-02-2022,3897,coffee,KG,241
20-02-2022,858,coffee,KG,45
25-02-2022,838,coffee,KG,220
02-03-2022,908,coffee,KG,174
05-03-2022,4995,coffee,KG,176
09-03-2022,58559,coffee,KG,362
18-03-2022,1,coffee,KG,336
19-03-2022,4014,coffee,KG,158
19-03-2022,2353,coffee,KG,337
20-03-2022,316,coffee,KG,354
21-03-2022,2329,coffee,KG,49
28-03-2022,4308,coffee,KG,67
30-03-2022,6377,coffee,KG,151
03-04-2022,3504,coffee,KG,352
10-04-2022,3114,coffee,KG,379
12-04-2022,3255,coffee,KG,107
17-04-2022,6367,coffee,KG,70
27-04-2022,6188,coffee,KG,101
27-04-2022,296,coffee,KG,391
27-04-2022,914,coffee,KG,192
30-04-2022,1527,coffee,KG,149
03-05-2022,4148,coffee,KG,110
06-05-2022,1197,coffee,KG,311
07-05-2022,7013,coffee,KG,372
08-05-2022,30825,coffee,KG,211
09-05-2022,5015,coffee,KG,373
10-05-2022,4639,coffee,KG,389
14-05-2022,34048,coffee,KG,61
15-05-2022,2918,coffee,KG,98
19-05-2022,7285,coffee,KG,113
20-05-2022,1210,coffee,KG,339
24-05-2022,231,coffee,KG,317
26-05-2022,4700,coffee,KG,203
07-06-2022,1955,coffee,KG,40
12-06-2022,741,coffee,KG,179
13-06-2022,1569,coffee,KG,201
16-06-2022,4103,coffee,KG,188
19-06-2022,27790,coffee,KG,93
22-06-2022,318,coffee,KG,360
02-07-2022,2571,coffee,KG,215
02-07-2022,1203,coffee,KG,189
03-07-2022,1644,coffee,KG,220
04-07-2022,2726,coffee,KG,256
06-07-2022,1073,coffee,KG,148
06-07-2022,3039,coffee,KG,376
07-07-2022,1721,coffee,KG,163
10-07-2022,150,coffee,KG,45
13-07-2022,4865,coffee,KG,70
24-07-2022,2028,coffee,KG,66
30-07-2022,10,coffee,KG,335
31-07-2022,2542,coffee,KG,265
02-08-2022,2716,coffee,KG,64
12-08-2022,3210,coffee,KG,157
24-08-2022,5989,coffee,KG,129
26-08-2022,4546,coffee,KG,219
26-08-2022,6724,coffee,KG,272
26-08-2022,30749,coffee,KG,325
27-08-2022,778,coffee,KG,186
27-08-2022,3536,coffee,KG,193
31-08-2022,1042,coffee,KG,240
06-09-2022,3418,coffee,KG,270
08-09-2022,1912,coffee,KG,88
09-09-2022,780,coffee,KG,296
19-09-2022,1265,coffee,KG,372
25-09-2022,3556,coffee,KG,211
28-09-2022,4718,coffee,KG,299
01-10-2022,2797,coffee,KG,203
09-10-2022,5992,coffee,KG,72
14-10-2022,41569,coffee,KG,341
14-10-2022,7116,coffee,KG,134
15-10-2022,367,coffee,KG,398
16-10-2022,1704,coffee,KG,109
21-10-2022,541,coffee,KG,297
22-10-2022,2915,coffee,KG,362
27-10-2022,736,coffee,KG,203
28-10-2022,1035,coffee,KG,241
31-10-2022,912,coffee,KG,56
02-11-2022,6331,coffee,KG,227
07-11-2022,930,coffee,KG,392
09-11-2022,592,coffee,KG,95
11-11-2022,80463,coffee,KG,184
19-11-2022,2628,coffee,KG,117
27-11-2022,6385,coffee,KG,385
30-11-2022,3911,coffee,KG,346
01-12-2022,1198,coffee,KG,316
03-12-2022,357,coffee,KG,51
03-12-2022,1907,coffee,KG,183
06-12-2022,8128,coffee,KG,210
11-12-2022,593,coffee,KG,61
12-12-2022,5673,coffee,KG,272
16-12-2022,3825,coffee,KG,165
17-12-2022,2160,coffee,KG,319
28-12-2022,3469,coffee,KG,284
28-12-2022,1997,coffee,KG,124
29-12-2022,63082,coffee,KG,243
01-03-2022,87520,coffee,KG,158
08-03-2022,1372,coffee,KG,359
10-04-2022,2153,coffee,KG,240
19-04-2022,2420,coffee,KG,183
27-04-2022,99114,coffee,KG,291
12-05-2022,4993,coffee,KG,258
04-06-2022,5952,coffee,KG,209
12-07-2022,104841,coffee,KG,234
15-08-2022,312,coffee,KG,364
24-08-2022,74530,coffee,KG,263
13-10-2022,5040,coffee,KG,268
16-10-2022,3578,coffee,KG,42
26-10-2022,26696,coffee,KG,251
13-04-2022,134130,coffee,KG,379
29-04-2022,318,coffee,KG,219
14-10-2022,122904,coffee,KG,288
13-01-2022,62,coffee,KG,175
13-01-2022,608,coffee,KG,220
25-04-2022,784,coffee,KG,178
06-05-2022,628,coffee,KG,203
14-05-2022,1,coffee,KG,41
29-06-2022,5,coffee,KG,242
15-07-2022,1356,coffee,KG,128
20-09-2022,14,coffee,KG,273
21-09-2022,7,coffee,KG,103
26-09-2022,786,coffee,KG,103
14-11-2022,805,coffee,KG,244
20-12-2022,733,coffee,KG,137
02-01-2022,40629,coffee,KG,93
11-01-2022,2078,coffee,KG,286
12-01-2022,95441,coffee,KG,174
13-01-2022,5952,coffee,KG,204
14-01-2022,31658,coffee,KG,266
17-01-2022,41566,coffee,KG,375
17-01-2022,4447,coffee,KG,168
20-01-2022,3897,coffee,KG,254
02-02-2022,3751,coffee,KG,113
08-02-2022,3000,coffee,KG,187
16-02-2022,293,coffee,KG,380
23-02-2022,44193,coffee,KG,378
24-02-2022,59315,coffee,KG,371
27-02-2022,112623,coffee,KG,257
19-03-2022,3578,coffee,KG,107
19-03-2022,110102,coffee,KG,235
20-03-2022,88744,coffee,KG,311
20-03-2022,5620,coffee,KG,289
30-03-2022,106487,coffee,KG,357
02-04-2022,95167,coffee,KG,302
11-04-2022,115664,coffee,KG,353
12-04-2022,40815,coffee,KG,166
14-04-2022,7438,coffee,KG,175
19-04-2022,1680,coffee,KG,100
29-04-2022,1580,coffee,KG,342
30-04-2022,4993,coffee,KG,327
11-05-2022,48780,coffee,KG,69
14-05-2022,69844,coffee,KG,295
18-05-2022,45720,coffee,KG,389
20-05-2022,1923,coffee,KG,287
21-05-2022,364,coffee,KG,210
